{
    "5_2.txt": {
        "0": [
            0.95,
            0.975,
            0.5504406336794562,
            0.5238365800865801
        ],
        "1": [
            0.92,
            0.6028571428571429,
            0.6663569972416707,
            0.6359432234432234
        ],
        "2": [
            0.91,
            0.5383333333333333,
            0.642523256341066,
            0.6376068376068376
        ]
    },
    "10_13.txt": {
        "0": [
            0.8,
            0.525,
            0.4421119592875319,
            0.49166666666666664
        ],
        "1": [
            0.83,
            0.4983333333333333,
            0.5413910093299407,
            0.5555555555555556
        ],
        "2": [
            0.82,
            0.51,
            0.28897227092811584,
            0.3415704665704666
        ]
    }
}