{
    "5_2.txt": {
        "0": [
            0.9462333917617798,
            0.9731166958808899,
            0.5504406336794562,
            0.5238365800865801
        ],
        "1": [
            0.9224989414215088,
            0.7469637564250401,
            0.6663569972416707,
            0.6359432234432234
        ],
        "2": [
            0.9068883657455444,
            0.5367775162061055,
            0.642523256341066,
            0.6376068376068376
        ]
    },
    "10_13.txt": {
        "0": [
            0.7965149879455566,
            0.5232574939727783,
            0.4421119592875319,
            0.49166666666666664
        ],
        "1": [
            0.8340942859649658,
            0.5003804763158162,
            0.5413910093299407,
            0.5555555555555556
        ],
        "2": [
            0.8186184763908386,
            0.5093092381954193,
            0.28897227092811584,
            0.3415704665704666
        ]
    }
}