model_name,t2t_eval_1,t2t_eval_2,m2m_eval_1,m2m_eval_2
2_2.json,0.8566666666666666,0.5394444444444445,0.4242310191099229,0.37711120401337794
