model_name,t2t_eval_1,t2t_eval_2,m2m_eval_1,m2m_eval_2
5_2.txt,0.93,0.6554761904761905,N/A,N/A
10_13.txt,0.825,0.5412878787878788,N/A,N/A
